--
-- PostgreSQL database dump
--

-- Dumped from database version 12.5 (Debian 12.5-1.pgdg100+1)
-- Dumped by pg_dump version 14.10 (Ubuntu 14.10-0ubuntu0.22.04.1)

-- Started on 2023-12-20 09:41:29 CET

SET statement_timeout = 0;
SET lock_timeout = 0;
SET idle_in_transaction_session_timeout = 0;
SET client_encoding = 'UTF8';
SET standard_conforming_strings = on;
SELECT pg_catalog.set_config('search_path', '', false);
SET check_function_bodies = false;
SET xmloption = content;
SET client_min_messages = warning;
SET row_security = off;

--
-- TOC entry 3340 (class 0 OID 16528)
-- Dependencies: 236
-- Data for Name: knowledge_artifact; Type: TABLE DATA; Schema: public; Owner: planqk
--

INSERT INTO public.knowledge_artifact (id, creation_date, last_modified_at) VALUES ('f05c9136-2f9f-433f-9c35-85009111ee3c', NULL, NULL);
INSERT INTO public.knowledge_artifact (id, creation_date, last_modified_at) VALUES ('87d697a4-6256-4f84-b545-c2024ab380c2', NULL, NULL);
INSERT INTO public.knowledge_artifact (id, creation_date, last_modified_at) VALUES ('3aac6a37-10de-4a95-a2bd-381d357df2a4', NULL, NULL);
INSERT INTO public.knowledge_artifact (id, creation_date, last_modified_at) VALUES ('ae6bdf6f-2656-45bd-9b96-0820eea3cdab', NULL, NULL);
INSERT INTO public.knowledge_artifact (id, creation_date, last_modified_at) VALUES ('9829e814-a707-479f-80c7-8b49ffa543bc', NULL, NULL);
INSERT INTO public.knowledge_artifact (id, creation_date, last_modified_at) VALUES ('52ae7837-58e1-47b2-bda3-4134597ef138', NULL, NULL);
INSERT INTO public.knowledge_artifact (id, creation_date, last_modified_at) VALUES ('2229a430-fe92-4411-9d72-d10dd1d8da14', NULL, NULL);
INSERT INTO public.knowledge_artifact (id, creation_date, last_modified_at) VALUES ('45d09c54-3f4a-453b-885d-2772443c8d72', NULL, NULL);
INSERT INTO public.knowledge_artifact (id, creation_date, last_modified_at) VALUES ('4074490a-4236-49ed-83d1-625ce58e2dbd', NULL, NULL);
INSERT INTO public.knowledge_artifact (id, creation_date, last_modified_at) VALUES ('e595558d-bfea-4b82-9f47-a38a2097b245', NULL, NULL);
INSERT INTO public.knowledge_artifact (id, creation_date, last_modified_at) VALUES ('312bc9d3-26c0-40ae-b90b-56effd136c0d', NULL, NULL);
INSERT INTO public.knowledge_artifact (id, creation_date, last_modified_at) VALUES ('4437fb83-34c0-47a8-8c6f-1272a76b76bb', NULL, NULL);
INSERT INTO public.knowledge_artifact (id, creation_date, last_modified_at) VALUES ('d4f7c247-e2bb-4301-ad06-f758fa58f2dc', NULL, NULL);
INSERT INTO public.knowledge_artifact (id, creation_date, last_modified_at) VALUES ('bcd4c7a1-3c92-4f8c-a530-72b8b95d3750', NULL, NULL);
INSERT INTO public.knowledge_artifact (id, creation_date, last_modified_at) VALUES ('3d1f3991-df47-4d42-8f9a-e6dcf4e3ccec', NULL, NULL);
INSERT INTO public.knowledge_artifact (id, creation_date, last_modified_at) VALUES ('1a5e3708-da39-4356-ab3f-115264da6390', NULL, NULL);
INSERT INTO public.knowledge_artifact (id, creation_date, last_modified_at) VALUES ('b6788c99-24f5-496b-a30c-fc0dd7bb3e96', NULL, NULL);
INSERT INTO public.knowledge_artifact (id, creation_date, last_modified_at) VALUES ('5479acf4-0588-49af-a6a9-4956b7ee32af', NULL, NULL);
INSERT INTO public.knowledge_artifact (id, creation_date, last_modified_at) VALUES ('ed3af509-904e-4732-8113-215d65a7d53d', NULL, NULL);
INSERT INTO public.knowledge_artifact (id, creation_date, last_modified_at) VALUES ('8fcca2dc-fca0-47cf-9bd4-038cd2fe8fb8', NULL, NULL);
INSERT INTO public.knowledge_artifact (id, creation_date, last_modified_at) VALUES ('3f3fabf0-7fa7-4b43-a74a-46a7ac2c55ee', NULL, NULL);
INSERT INTO public.knowledge_artifact (id, creation_date, last_modified_at) VALUES ('c450e0ce-c55f-4b72-afe9-e9e2c7e4c091', NULL, NULL);
INSERT INTO public.knowledge_artifact (id, creation_date, last_modified_at) VALUES ('b657ea73-63c0-4800-a69d-a91925e19ac6', NULL, NULL);
INSERT INTO public.knowledge_artifact (id, creation_date, last_modified_at) VALUES ('96b4d28a-a5ce-4c96-85df-d42587b13c57', NULL, NULL);
INSERT INTO public.knowledge_artifact (id, creation_date, last_modified_at) VALUES ('502147ec-45fa-403f-8f52-e196b3359399', NULL, NULL);
INSERT INTO public.knowledge_artifact (id, creation_date, last_modified_at) VALUES ('1cc7e9d6-ab37-412e-8afa-604a25de296e', NULL, NULL);
INSERT INTO public.knowledge_artifact (id, creation_date, last_modified_at) VALUES ('3f3d5582-1af9-4a23-93f5-5d0474b2b42c', NULL, NULL);
INSERT INTO public.knowledge_artifact (id, creation_date, last_modified_at) VALUES ('c6560c51-d2e3-4595-b9c3-b609c75c0b82', NULL, NULL);
INSERT INTO public.knowledge_artifact (id, creation_date, last_modified_at) VALUES ('1c95912a-128b-44e7-b2d4-930f7ba11060', NULL, NULL);
INSERT INTO public.knowledge_artifact (id, creation_date, last_modified_at) VALUES ('9af072e8-875b-4e7d-980a-98cc6e0e7fd6', NULL, NULL);
INSERT INTO public.knowledge_artifact (id, creation_date, last_modified_at) VALUES ('70adfd6f-0648-47cf-88ff-0212b882a262', NULL, NULL);
INSERT INTO public.knowledge_artifact (id, creation_date, last_modified_at) VALUES ('da93f915-7f4c-49df-99d0-80d91f26a337', NULL, NULL);
INSERT INTO public.knowledge_artifact (id, creation_date, last_modified_at) VALUES ('482714a7-8409-4165-93fe-72b02c2ae99c', NULL, NULL);
INSERT INTO public.knowledge_artifact (id, creation_date, last_modified_at) VALUES ('aa90de15-b7e3-45a7-bb48-f0a5b8b2c479', NULL, NULL);
INSERT INTO public.knowledge_artifact (id, creation_date, last_modified_at) VALUES ('dd15032b-ce2b-40b6-80ac-97623255b531', NULL, NULL);
INSERT INTO public.knowledge_artifact (id, creation_date, last_modified_at) VALUES ('424c803a-aefb-4b54-8e45-d177fedac893', NULL, NULL);
INSERT INTO public.knowledge_artifact (id, creation_date, last_modified_at) VALUES ('d5cda8c9-f39b-474a-9032-c17131884975', NULL, NULL);
INSERT INTO public.knowledge_artifact (id, creation_date, last_modified_at) VALUES ('a4ea9f6c-5b0a-4beb-a056-8b261d96ba80', NULL, NULL);
INSERT INTO public.knowledge_artifact (id, creation_date, last_modified_at) VALUES ('d9c57511-1101-4707-99bf-36f43a12cb13', NULL, NULL);
INSERT INTO public.knowledge_artifact (id, creation_date, last_modified_at) VALUES ('ddd64fb6-b324-45eb-8e21-8193dc311841', NULL, NULL);
INSERT INTO public.knowledge_artifact (id, creation_date, last_modified_at) VALUES ('5850c6ab-5c87-4331-8439-73692a403228', NULL, NULL);
INSERT INTO public.knowledge_artifact (id, creation_date, last_modified_at) VALUES ('bc795a9b-7977-4e01-b513-f9f5aba38aa7', NULL, NULL);
INSERT INTO public.knowledge_artifact (id, creation_date, last_modified_at) VALUES ('27a5d147-a323-4c6a-84ef-45d80cae923d', NULL, NULL);
INSERT INTO public.knowledge_artifact (id, creation_date, last_modified_at) VALUES ('3ea9e187-e91b-4852-84eb-b35b5c480892', NULL, NULL);
INSERT INTO public.knowledge_artifact (id, creation_date, last_modified_at) VALUES ('3d9bca6e-5fca-40c5-b005-8a794958f3aa', NULL, NULL);
INSERT INTO public.knowledge_artifact (id, creation_date, last_modified_at) VALUES ('28c99b35-98ce-4bfe-bb6d-94a65207258a', NULL, NULL);
INSERT INTO public.knowledge_artifact (id, creation_date, last_modified_at) VALUES ('7821a1f9-02a0-4833-a048-3bf184b1c6fe', NULL, NULL);
INSERT INTO public.knowledge_artifact (id, creation_date, last_modified_at) VALUES ('78b1fe35-9739-46b3-8baf-21731d886913', NULL, NULL);
INSERT INTO public.knowledge_artifact (id, creation_date, last_modified_at) VALUES ('cdbd8bf8-84ac-49f6-a58e-e7414333947c', NULL, NULL);
INSERT INTO public.knowledge_artifact (id, creation_date, last_modified_at) VALUES ('92dddd27-4627-42aa-b667-a9c9d805e475', NULL, NULL);
INSERT INTO public.knowledge_artifact (id, creation_date, last_modified_at) VALUES ('aab9d0f8-2c0b-4ed8-8a82-1b4e91358854', NULL, NULL);
INSERT INTO public.knowledge_artifact (id, creation_date, last_modified_at) VALUES ('ebc49a18-4a96-416c-9dd6-5de89d0d1b89', NULL, NULL);
INSERT INTO public.knowledge_artifact (id, creation_date, last_modified_at) VALUES ('5651c09a-634c-4ca1-a5cb-d38ce946c60a', NULL, NULL);
INSERT INTO public.knowledge_artifact (id, creation_date, last_modified_at) VALUES ('8f497741-928c-480c-9085-1036b2e24051', NULL, NULL);
INSERT INTO public.knowledge_artifact (id, creation_date, last_modified_at) VALUES ('b8785a66-2805-4559-8332-dd348ace3afc', NULL, NULL);
INSERT INTO public.knowledge_artifact (id, creation_date, last_modified_at) VALUES ('e316884d-c2c6-453f-a08b-372167957277', NULL, NULL);
INSERT INTO public.knowledge_artifact (id, creation_date, last_modified_at) VALUES ('467cae27-d8be-4509-af26-64ed0a809028', NULL, NULL);
INSERT INTO public.knowledge_artifact (id, creation_date, last_modified_at) VALUES ('61130a8b-68ad-4281-80ad-a62d44bc4090', NULL, NULL);
INSERT INTO public.knowledge_artifact (id, creation_date, last_modified_at) VALUES ('386a4d90-1a3d-427c-96a6-6f1a433daae6', NULL, NULL);
INSERT INTO public.knowledge_artifact (id, creation_date, last_modified_at) VALUES ('2fb586fd-9982-4f4e-987b-17909069e10e', NULL, NULL);
INSERT INTO public.knowledge_artifact (id, creation_date, last_modified_at) VALUES ('cbc6fe12-4a7d-4de5-b709-b20dd0cacbbf', NULL, NULL);
INSERT INTO public.knowledge_artifact (id, creation_date, last_modified_at) VALUES ('7c8849ee-26ad-4910-b798-902367e617d6', NULL, NULL);
INSERT INTO public.knowledge_artifact (id, creation_date, last_modified_at) VALUES ('55f886b3-4fe0-4bc8-8bde-d0b7004a70ee', NULL, NULL);
INSERT INTO public.knowledge_artifact (id, creation_date, last_modified_at) VALUES ('da2bd135-4ba2-4b98-bb77-c60607402094', NULL, NULL);
INSERT INTO public.knowledge_artifact (id, creation_date, last_modified_at) VALUES ('5190eb38-48a2-41ee-b85e-dbb3c609ed30', NULL, NULL);
INSERT INTO public.knowledge_artifact (id, creation_date, last_modified_at) VALUES ('da3a0878-df45-4eb1-857e-82e5ae055683', NULL, NULL);
INSERT INTO public.knowledge_artifact (id, creation_date, last_modified_at) VALUES ('e22b33bc-b5cf-4a61-a8e9-dd204c48857b', NULL, NULL);
INSERT INTO public.knowledge_artifact (id, creation_date, last_modified_at) VALUES ('f675060d-34cd-4af7-abb7-864a8b9adef6', NULL, NULL);
INSERT INTO public.knowledge_artifact (id, creation_date, last_modified_at) VALUES ('155933df-9d41-4b2d-bdf8-11291fb7084c', NULL, NULL);
INSERT INTO public.knowledge_artifact (id, creation_date, last_modified_at) VALUES ('3d6ef3c9-28dd-4d2f-b006-e3427e24c0b0', NULL, NULL);
INSERT INTO public.knowledge_artifact (id, creation_date, last_modified_at) VALUES ('f53f1daa-1eda-4fd9-966f-3f14c107930a', NULL, NULL);
INSERT INTO public.knowledge_artifact (id, creation_date, last_modified_at) VALUES ('10edf46a-113f-4688-9af6-75494b950fbf', NULL, NULL);
INSERT INTO public.knowledge_artifact (id, creation_date, last_modified_at) VALUES ('47e05a38-2201-49f2-80e6-17d618ed260f', NULL, NULL);
INSERT INTO public.knowledge_artifact (id, creation_date, last_modified_at) VALUES ('e4e0fe4d-8757-4253-95de-a6f13ea66f30', NULL, NULL);
INSERT INTO public.knowledge_artifact (id, creation_date, last_modified_at) VALUES ('000904c1-aa91-498b-88da-d6cb014931df', NULL, NULL);
INSERT INTO public.knowledge_artifact (id, creation_date, last_modified_at) VALUES ('a7bc398e-972a-481f-8c63-b4c5a1b946d9', NULL, NULL);
INSERT INTO public.knowledge_artifact (id, creation_date, last_modified_at) VALUES ('678a2e5a-697f-4416-afe6-fd18bc935bdc', NULL, NULL);
INSERT INTO public.knowledge_artifact (id, creation_date, last_modified_at) VALUES ('d6d9a4e5-0944-4360-8af9-77d6f780716e', NULL, NULL);
INSERT INTO public.knowledge_artifact (id, creation_date, last_modified_at) VALUES ('d6db370c-42eb-414b-80b7-af50c14fb7e4', NULL, NULL);
INSERT INTO public.knowledge_artifact (id, creation_date, last_modified_at) VALUES ('2ee3eb24-165d-46d5-976c-9eb052a1912b', NULL, NULL);
INSERT INTO public.knowledge_artifact (id, creation_date, last_modified_at) VALUES ('0a4ffca5-3b28-4897-9842-295f9bb6bea8', NULL, NULL);
INSERT INTO public.knowledge_artifact (id, creation_date, last_modified_at) VALUES ('d285eda8-41ee-4ba2-879d-52acec6a1416', NULL, NULL);
INSERT INTO public.knowledge_artifact (id, creation_date, last_modified_at) VALUES ('d8c99d65-8950-4b83-aa1d-549a88e28339', NULL, NULL);
INSERT INTO public.knowledge_artifact (id, creation_date, last_modified_at) VALUES ('94331ad5-4f67-4183-8fbe-55fe9c542789', NULL, NULL);
INSERT INTO public.knowledge_artifact (id, creation_date, last_modified_at) VALUES ('4710c428-a004-4da1-98a8-58205e051ec2', NULL, NULL);
INSERT INTO public.knowledge_artifact (id, creation_date, last_modified_at) VALUES ('0b5ba218-dcb1-4841-a517-b6010b8a2951', NULL, NULL);
INSERT INTO public.knowledge_artifact (id, creation_date, last_modified_at) VALUES ('9bcced52-edb3-44a2-a86d-43499ea61289', NULL, NULL);
INSERT INTO public.knowledge_artifact (id, creation_date, last_modified_at) VALUES ('7d2e969e-c266-4a83-85a5-5a07d528c6ef', NULL, NULL);
INSERT INTO public.knowledge_artifact (id, creation_date, last_modified_at) VALUES ('35de7456-fced-4c23-bca5-8777984bf731', NULL, NULL);
INSERT INTO public.knowledge_artifact (id, creation_date, last_modified_at) VALUES ('10a46ac6-1420-41ad-9d3a-ab244d959062', NULL, NULL);
INSERT INTO public.knowledge_artifact (id, creation_date, last_modified_at) VALUES ('d53673f0-fc52-48c8-8893-f8f244cf6ee3', NULL, NULL);
INSERT INTO public.knowledge_artifact (id, creation_date, last_modified_at) VALUES ('45fdc628-1914-4b2c-92c4-38f7be3c622a', NULL, NULL);
INSERT INTO public.knowledge_artifact (id, creation_date, last_modified_at) VALUES ('b228d692-009d-4122-b617-1a3799a68766', NULL, NULL);
INSERT INTO public.knowledge_artifact (id, creation_date, last_modified_at) VALUES ('a6e349c7-d5c0-42a7-bd78-21e4b2738fa7', NULL, NULL);
INSERT INTO public.knowledge_artifact (id, creation_date, last_modified_at) VALUES ('4d153210-05d9-43f0-8560-3c3bd722d8bd', NULL, NULL);
INSERT INTO public.knowledge_artifact (id, creation_date, last_modified_at) VALUES ('0145a85e-3b00-4e64-9e20-bdaf77d2fc86', NULL, NULL);
INSERT INTO public.knowledge_artifact (id, creation_date, last_modified_at) VALUES ('407ae0d5-e5be-4151-900b-041ed5dfcdbe', NULL, NULL);
INSERT INTO public.knowledge_artifact (id, creation_date, last_modified_at) VALUES ('e6106e4d-46a4-4557-8c2d-009ff7159464', NULL, NULL);
INSERT INTO public.knowledge_artifact (id, creation_date, last_modified_at) VALUES ('5d7a8af7-94fb-4c63-958c-403d845d4107', NULL, NULL);
INSERT INTO public.knowledge_artifact (id, creation_date, last_modified_at) VALUES ('ce95634f-69e0-4f97-a9b6-10bc8364849f', NULL, NULL);
INSERT INTO public.knowledge_artifact (id, creation_date, last_modified_at) VALUES ('50d0b397-d2df-4797-8975-d2526c8cdd63', NULL, NULL);
INSERT INTO public.knowledge_artifact (id, creation_date, last_modified_at) VALUES ('cd686d46-c77f-4c35-8016-f9819282f8a5', NULL, NULL);
INSERT INTO public.knowledge_artifact (id, creation_date, last_modified_at) VALUES ('b6436fe2-9e3f-49ac-9e09-5cce86e480e1', NULL, NULL);
INSERT INTO public.knowledge_artifact (id, creation_date, last_modified_at) VALUES ('bace6e02-1e3f-4ddc-9e9a-eb04933fa226', NULL, NULL);
INSERT INTO public.knowledge_artifact (id, creation_date, last_modified_at) VALUES ('ecb7d0a0-72d0-44c3-90dd-5b9af536ebca', NULL, NULL);
INSERT INTO public.knowledge_artifact (id, creation_date, last_modified_at) VALUES ('81dba31f-e19a-4a8b-a07f-e1561fc2ce06', NULL, NULL);
INSERT INTO public.knowledge_artifact (id, creation_date, last_modified_at) VALUES ('3baad63c-42d2-46cb-b7a5-ab394b4e012c', NULL, NULL);
INSERT INTO public.knowledge_artifact (id, creation_date, last_modified_at) VALUES ('7116be12-b724-456f-ac3d-0a1ab6e85b9a', NULL, NULL);
INSERT INTO public.knowledge_artifact (id, creation_date, last_modified_at) VALUES ('801d44ab-fc18-4cc0-8e10-49f2e73b229a', NULL, NULL);
INSERT INTO public.knowledge_artifact (id, creation_date, last_modified_at) VALUES ('7f488cff-525f-4e50-a6c6-219b4ab4854d', NULL, NULL);
INSERT INTO public.knowledge_artifact (id, creation_date, last_modified_at) VALUES ('e35d735c-f724-4946-aad9-7fa520d5a843', NULL, NULL);
INSERT INTO public.knowledge_artifact (id, creation_date, last_modified_at) VALUES ('b8e826e0-dc07-4515-ae10-87b402e3d52c', NULL, NULL);
INSERT INTO public.knowledge_artifact (id, creation_date, last_modified_at) VALUES ('358bf776-378f-465e-a9e6-e8a1c7716825', NULL, NULL);
INSERT INTO public.knowledge_artifact (id, creation_date, last_modified_at) VALUES ('3b090377-8703-4cf7-9ce8-a432dce76335', NULL, NULL);
INSERT INTO public.knowledge_artifact (id, creation_date, last_modified_at) VALUES ('f69638dc-6844-415c-a679-d3982c691f38', NULL, NULL);
INSERT INTO public.knowledge_artifact (id, creation_date, last_modified_at) VALUES ('34b02438-ceaf-4177-9a3e-74f907cfd63d', NULL, NULL);
INSERT INTO public.knowledge_artifact (id, creation_date, last_modified_at) VALUES ('b7602673-7825-48e2-829e-b9df269071fc', NULL, NULL);
INSERT INTO public.knowledge_artifact (id, creation_date, last_modified_at) VALUES ('9b50b4bf-4b5c-4d52-a7d3-1b0e6a0f53f9', NULL, NULL);
INSERT INTO public.knowledge_artifact (id, creation_date, last_modified_at) VALUES ('1dafcbc7-f048-4867-ad7f-2d0b40e096e1', NULL, NULL);
INSERT INTO public.knowledge_artifact (id, creation_date, last_modified_at) VALUES ('6d763f90-d7d4-4d58-a82c-09bb68ac6b82', NULL, NULL);
INSERT INTO public.knowledge_artifact (id, creation_date, last_modified_at) VALUES ('68a4bbc9-2535-4cfc-a4f4-b149adfb674a', NULL, NULL);
INSERT INTO public.knowledge_artifact (id, creation_date, last_modified_at) VALUES ('3a1fb1cd-1078-4616-b603-a22c8f9449b2', NULL, NULL);
INSERT INTO public.knowledge_artifact (id, creation_date, last_modified_at) VALUES ('80d829b6-d1ed-40a3-95ea-7e0b34de8eba', NULL, NULL);
INSERT INTO public.knowledge_artifact (id, creation_date, last_modified_at) VALUES ('b9484449-18bd-4667-a9e5-1f6bf66d442d', NULL, NULL);
INSERT INTO public.knowledge_artifact (id, creation_date, last_modified_at) VALUES ('a81eb2c5-84ce-4a14-8242-e9ce19532423', NULL, NULL);
INSERT INTO public.knowledge_artifact (id, creation_date, last_modified_at) VALUES ('15da23b4-5ad5-44ff-8936-140dd98935df', NULL, NULL);
INSERT INTO public.knowledge_artifact (id, creation_date, last_modified_at) VALUES ('599e5d49-ede8-489b-bb72-3e41c288ae89', NULL, NULL);
INSERT INTO public.knowledge_artifact (id, creation_date, last_modified_at) VALUES ('e6e239af-3d3a-4dfb-8c84-cbe268ca90d4', NULL, NULL);
INSERT INTO public.knowledge_artifact (id, creation_date, last_modified_at) VALUES ('b86f6da4-3c9e-4146-8161-9c806b50b923', NULL, NULL);
INSERT INTO public.knowledge_artifact (id, creation_date, last_modified_at) VALUES ('c12b3086-5fa4-4140-915b-330fbffdfc43', NULL, NULL);
INSERT INTO public.knowledge_artifact (id, creation_date, last_modified_at) VALUES ('1a1b9319-e303-431d-91c3-f4a3b6189982', NULL, NULL);
INSERT INTO public.knowledge_artifact (id, creation_date, last_modified_at) VALUES ('9bafcace-20a3-4726-963b-06d09437c677', NULL, NULL);
INSERT INTO public.knowledge_artifact (id, creation_date, last_modified_at) VALUES ('26c8f1cb-a592-415e-846e-22f2ee761c8f', NULL, NULL);
INSERT INTO public.knowledge_artifact (id, creation_date, last_modified_at) VALUES ('d89d5a40-b864-4d97-9b44-211ed25c4f98', NULL, NULL);
INSERT INTO public.knowledge_artifact (id, creation_date, last_modified_at) VALUES ('c56361d3-4230-4653-942b-fc8ac7488bf9', NULL, NULL);
INSERT INTO public.knowledge_artifact (id, creation_date, last_modified_at) VALUES ('19c5ed05-1a24-4971-9aac-390e1931f010', NULL, NULL);
INSERT INTO public.knowledge_artifact (id, creation_date, last_modified_at) VALUES ('b14e9775-09ad-4019-b5db-dd9670221679', NULL, NULL);
INSERT INTO public.knowledge_artifact (id, creation_date, last_modified_at) VALUES ('f3afc386-7c81-41d1-9b94-a06a49deb965', NULL, NULL);
INSERT INTO public.knowledge_artifact (id, creation_date, last_modified_at) VALUES ('ef45bb4d-7f1a-4840-9783-aa22ed40032a', NULL, NULL);
INSERT INTO public.knowledge_artifact (id, creation_date, last_modified_at) VALUES ('ea7c0692-6545-40e3-8cf8-f4c828c5fce8', NULL, NULL);
INSERT INTO public.knowledge_artifact (id, creation_date, last_modified_at) VALUES ('330ba4a6-411d-4d44-913a-2805a9f21cf7', NULL, NULL);
INSERT INTO public.knowledge_artifact (id, creation_date, last_modified_at) VALUES ('acb053d6-b8be-4bce-b62d-3a8aa10b9a0d', NULL, NULL);
INSERT INTO public.knowledge_artifact (id, creation_date, last_modified_at) VALUES ('c34d4c11-da4f-445d-8682-1c92dcfbb6be', NULL, NULL);
INSERT INTO public.knowledge_artifact (id, creation_date, last_modified_at) VALUES ('01d63259-109f-4136-878d-77e503ac8a11', NULL, NULL);
INSERT INTO public.knowledge_artifact (id, creation_date, last_modified_at) VALUES ('9c49472d-47fc-417e-b75a-512d57e76870', NULL, NULL);
INSERT INTO public.knowledge_artifact (id, creation_date, last_modified_at) VALUES ('be9c4245-79db-40cd-a0d4-c750c3a822b6', NULL, NULL);
INSERT INTO public.knowledge_artifact (id, creation_date, last_modified_at) VALUES ('0b8fa48f-6ccf-48ef-ac0b-3dadadad40bf', NULL, NULL);
INSERT INTO public.knowledge_artifact (id, creation_date, last_modified_at) VALUES ('7d28fe21-466a-4e22-9851-374e9cb93cd9', NULL, NULL);
INSERT INTO public.knowledge_artifact (id, creation_date, last_modified_at) VALUES ('db5033cf-c13f-47b1-a617-aea77a0d5864', NULL, NULL);
INSERT INTO public.knowledge_artifact (id, creation_date, last_modified_at) VALUES ('8c047398-63a1-4940-a5c5-c44834f48516', NULL, NULL);
INSERT INTO public.knowledge_artifact (id, creation_date, last_modified_at) VALUES ('885ade35-d310-421a-98b8-877e27e51531', NULL, NULL);
INSERT INTO public.knowledge_artifact (id, creation_date, last_modified_at) VALUES ('ba3aaa33-9010-459f-acb5-5452788e9abc', NULL, NULL);
INSERT INTO public.knowledge_artifact (id, creation_date, last_modified_at) VALUES ('c7e15bdd-a5f3-486d-8e3d-f3117f39eb1a', NULL, NULL);
INSERT INTO public.knowledge_artifact (id, creation_date, last_modified_at) VALUES ('53adbbff-f4d6-4bd7-8b90-475f57913c1a', NULL, NULL);
INSERT INTO public.knowledge_artifact (id, creation_date, last_modified_at) VALUES ('329b49fc-de79-4d63-97ca-87a8f83ef1e2', NULL, NULL);
INSERT INTO public.knowledge_artifact (id, creation_date, last_modified_at) VALUES ('29f4224d-6b91-4218-aed6-0db3e5fa9dc2', NULL, NULL);
INSERT INTO public.knowledge_artifact (id, creation_date, last_modified_at) VALUES ('658b6fce-40b0-4f05-a2da-2fd3e33684fb', NULL, NULL);
INSERT INTO public.knowledge_artifact (id, creation_date, last_modified_at) VALUES ('b3418862-26a6-4bbb-b546-c12f48c45b16', NULL, NULL);
INSERT INTO public.knowledge_artifact (id, creation_date, last_modified_at) VALUES ('26bc2583-1c9f-4d6e-9968-e5aa0e8ab82f', NULL, NULL);
INSERT INTO public.knowledge_artifact (id, creation_date, last_modified_at) VALUES ('6c3f4121-65c2-444e-9d5a-f16f47fd2ed5', NULL, NULL);
INSERT INTO public.knowledge_artifact (id, creation_date, last_modified_at) VALUES ('89dd6672-dd42-470b-8e84-129e4ec7540c', NULL, NULL);
INSERT INTO public.knowledge_artifact (id, creation_date, last_modified_at) VALUES ('98ccd4dc-86a8-4652-b2c1-5b83b6f078e1', NULL, NULL);
INSERT INTO public.knowledge_artifact (id, creation_date, last_modified_at) VALUES ('3953e924-30f6-4561-8e02-e761b417c1d4', NULL, NULL);
INSERT INTO public.knowledge_artifact (id, creation_date, last_modified_at) VALUES ('02fc1261-b7d6-4d85-89ef-c987ab92f3d4', NULL, NULL);
INSERT INTO public.knowledge_artifact (id, creation_date, last_modified_at) VALUES ('29acda13-a41f-4270-9248-375814889f20', NULL, NULL);
INSERT INTO public.knowledge_artifact (id, creation_date, last_modified_at) VALUES ('a2b0eaca-aa24-4036-b730-265a97043b75', NULL, NULL);
INSERT INTO public.knowledge_artifact (id, creation_date, last_modified_at) VALUES ('78b58f38-9075-44a1-8eb4-5ab0ba4b801d', NULL, NULL);
INSERT INTO public.knowledge_artifact (id, creation_date, last_modified_at) VALUES ('d9bd086d-030c-4ca4-b6d2-29c2fbf517c8', NULL, NULL);
INSERT INTO public.knowledge_artifact (id, creation_date, last_modified_at) VALUES ('7c775873-1ebf-4574-8cb1-29b0c661b8f3', NULL, NULL);
INSERT INTO public.knowledge_artifact (id, creation_date, last_modified_at) VALUES ('0ee54310-5f4d-4435-9c34-cf93f742e101', NULL, NULL);
INSERT INTO public.knowledge_artifact (id, creation_date, last_modified_at) VALUES ('ca07715c-696e-4a62-af10-74145ff818f5', NULL, NULL);
INSERT INTO public.knowledge_artifact (id, creation_date, last_modified_at) VALUES ('06c5d5cc-5c29-4a74-be75-dfba20cc4f80', NULL, NULL);
INSERT INTO public.knowledge_artifact (id, creation_date, last_modified_at) VALUES ('9167d0da-69ec-40a5-b7f8-5eab25833d70', NULL, NULL);
INSERT INTO public.knowledge_artifact (id, creation_date, last_modified_at) VALUES ('3b3a9b48-63aa-4523-be3a-6a39fdf4bda7', NULL, NULL);
INSERT INTO public.knowledge_artifact (id, creation_date, last_modified_at) VALUES ('28343b10-ce82-4c1f-aef2-f7d95316b48e', NULL, NULL);
INSERT INTO public.knowledge_artifact (id, creation_date, last_modified_at) VALUES ('cf3a2b5f-9d7a-4f2c-ba39-abd290230b5b', NULL, NULL);
INSERT INTO public.knowledge_artifact (id, creation_date, last_modified_at) VALUES ('3e74edee-f076-45b3-8247-a5dd19cb24b2', NULL, NULL);
INSERT INTO public.knowledge_artifact (id, creation_date, last_modified_at) VALUES ('78185c7d-f353-49ee-b1e2-c2a0bcfc4ed2', NULL, NULL);
INSERT INTO public.knowledge_artifact (id, creation_date, last_modified_at) VALUES ('96ec8c86-c024-4d03-a283-49375e43e086', NULL, NULL);
INSERT INTO public.knowledge_artifact (id, creation_date, last_modified_at) VALUES ('b5c458ea-3a4e-4211-afc9-82510c2cff46', NULL, NULL);
INSERT INTO public.knowledge_artifact (id, creation_date, last_modified_at) VALUES ('adcaac7d-a028-4d33-9111-ef3e711637e7', NULL, NULL);
INSERT INTO public.knowledge_artifact (id, creation_date, last_modified_at) VALUES ('ccb661e2-6c0d-4020-9eb2-abd290230b5b', NULL, NULL);
INSERT INTO public.knowledge_artifact (id, creation_date, last_modified_at) VALUES ('712b29e2-411b-4ef8-8f81-6cae15222c07', NULL, NULL);
INSERT INTO public.knowledge_artifact (id, creation_date, last_modified_at) VALUES ('662ffad9-7dd3-490f-93d2-efb92f74c5ae', NULL, NULL);
INSERT INTO public.knowledge_artifact (id, creation_date, last_modified_at) VALUES ('b244a2fb-1f27-4e6d-8f43-7e512798f299', NULL, NULL);
INSERT INTO public.knowledge_artifact (id, creation_date, last_modified_at) VALUES ('84c81b22-765b-4edb-a6e7-c626151e0af8', NULL, NULL);
INSERT INTO public.knowledge_artifact (id, creation_date, last_modified_at) VALUES ('c699fdf0-f31e-45c0-9d0d-cee2388e1544', NULL, NULL);
INSERT INTO public.knowledge_artifact (id, creation_date, last_modified_at) VALUES ('5778b4ba-4acd-4c94-9c10-d83d80f75d50', NULL, NULL);
INSERT INTO public.knowledge_artifact (id, creation_date, last_modified_at) VALUES ('38b1dd17-c3ff-46c4-b300-2e1c7d542abe', NULL, NULL);
INSERT INTO public.knowledge_artifact (id, creation_date, last_modified_at) VALUES ('f619a8fd-fff8-4981-8947-48ebaaad993c', NULL, NULL);
INSERT INTO public.knowledge_artifact (id, creation_date, last_modified_at) VALUES ('60e3ca01-0b7a-4785-acd7-3dddad0eea8e', NULL, NULL);
INSERT INTO public.knowledge_artifact (id, creation_date, last_modified_at) VALUES ('36531ec5-477c-4d74-8d84-43276359aa14', NULL, NULL);
INSERT INTO public.knowledge_artifact (id, creation_date, last_modified_at) VALUES ('a7e45f3a-e408-4593-9aba-0a724c5ebf26', NULL, NULL);
INSERT INTO public.knowledge_artifact (id, creation_date, last_modified_at) VALUES ('9fee292c-8c59-4a99-a3c2-467717a22c70', NULL, NULL);
INSERT INTO public.knowledge_artifact (id, creation_date, last_modified_at) VALUES ('87ae00d9-3fc7-4b9b-ac8b-48b79cbf8f65', NULL, NULL);
INSERT INTO public.knowledge_artifact (id, creation_date, last_modified_at) VALUES ('88507c9e-a398-4195-8398-5c11a8b50e3b', NULL, NULL);
INSERT INTO public.knowledge_artifact (id, creation_date, last_modified_at) VALUES ('4ab39621-ef37-4586-89d1-bc70fe40ba4f', NULL, NULL);
INSERT INTO public.knowledge_artifact (id, creation_date, last_modified_at) VALUES ('3636eb56-7f9e-42af-aca8-5c90a7174f11', NULL, NULL);
INSERT INTO public.knowledge_artifact (id, creation_date, last_modified_at) VALUES ('f6216359-3796-44ae-ab87-f24e6763b262', NULL, NULL);
INSERT INTO public.knowledge_artifact (id, creation_date, last_modified_at) VALUES ('2f13e077-701a-43c0-89ee-3138a9ebccc5', NULL, NULL);
INSERT INTO public.knowledge_artifact (id, creation_date, last_modified_at) VALUES ('42478c19-ff9e-4906-89a3-a43ea3026062', NULL, NULL);
INSERT INTO public.knowledge_artifact (id, creation_date, last_modified_at) VALUES ('8de36b35-0eb8-471e-b7d8-7d1d24750715', NULL, NULL);
INSERT INTO public.knowledge_artifact (id, creation_date, last_modified_at) VALUES ('3719ea28-fe32-4f7c-9177-8a2cb726185c', NULL, NULL);


--
-- TOC entry 3306 (class 0 OID 16388)
-- Dependencies: 202
-- Data for Name: algorithm; Type: TABLE DATA; Schema: public; Owner: planqk
--

INSERT INTO public.algorithm (acronym, algo_parameter, assumptions, computation_model, input_format, intent, name, output_format, problem, solution, id) VALUES (NULL, NULL, NULL, 1, NULL, NULL, 'Initialization', NULL, NULL, NULL, '9829e814-a707-479f-80c7-8b49ffa543bc');
INSERT INTO public.algorithm (acronym, algo_parameter, assumptions, computation_model, input_format, intent, name, output_format, problem, solution, id) VALUES (NULL, NULL, NULL, 1, NULL, NULL, 'Uniform Superposition', NULL, NULL, NULL, '52ae7837-58e1-47b2-bda3-4134597ef138');


--
-- TOC entry 3315 (class 0 OID 16424)
-- Dependencies: 211
-- Data for Name: application_area; Type: TABLE DATA; Schema: public; Owner: planqk
--

INSERT INTO public.application_area (id, name) VALUES ('ce597b06-c55e-46ce-976c-8de398e049b9', 'Cryptography');
INSERT INTO public.application_area (id, name) VALUES ('12b0d326-8b6a-4f7c-8717-d9cc5eb4a567', 'Classification');
INSERT INTO public.application_area (id, name) VALUES ('da982d08-30a8-48f7-8db1-204c0b4f1865', 'Machine Learning');


--
-- TOC entry 3307 (class 0 OID 16394)
-- Dependencies: 203
-- Data for Name: algorithm_application_area; Type: TABLE DATA; Schema: public; Owner: planqk
--



--
-- TOC entry 3342 (class 0 OID 16534)
-- Dependencies: 238
-- Data for Name: learning_method; Type: TABLE DATA; Schema: public; Owner: planqk
--



--
-- TOC entry 3308 (class 0 OID 16397)
-- Dependencies: 204
-- Data for Name: algorithm_learning_method; Type: TABLE DATA; Schema: public; Owner: planqk
--



--
-- TOC entry 3345 (class 0 OID 16546)
-- Dependencies: 241
-- Data for Name: problem_type; Type: TABLE DATA; Schema: public; Owner: planqk
--

INSERT INTO public.problem_type (id, name, parent_problem_type) VALUES ('76d773b5-4635-4d67-877c-e565b9f08496', 'Integer Factorization', NULL);


--
-- TOC entry 3309 (class 0 OID 16400)
-- Dependencies: 205
-- Data for Name: algorithm_problem_type; Type: TABLE DATA; Schema: public; Owner: planqk
--



--
-- TOC entry 3346 (class 0 OID 16549)
-- Dependencies: 242
-- Data for Name: publication; Type: TABLE DATA; Schema: public; Owner: planqk
--

INSERT INTO public.publication (doi, title, url, id) VALUES ('10.1137/S0097539795293172', 'Polynomial-Time Algorithms for Prime Factorization and Discrete Logarithms on a Quantum Computer', 'https://arxiv.org/abs/quant-ph/9508027', 'f05c9136-2f9f-433f-9c35-85009111ee3c');
INSERT INTO public.publication (doi, title, url, id) VALUES ('10.1109/TSMCB.2008.925743', 'Quantum reinforcement learning', 'https://arxiv.org/abs/0810.3828', '87d697a4-6256-4f84-b545-c2024ab380c2');
INSERT INTO public.publication (doi, title, url, id) VALUES ('10.1038/s41586-019-0980-2', 'Supervised learning with quantum enhanced feature spaces', 'https://arxiv.org/abs/1804.11326', '3aac6a37-10de-4a95-a2bd-381d357df2a4');
INSERT INTO public.publication (doi, title, url, id) VALUES ('10.1016/j.cpc.2019.107006', 'Support vector machines on the D-Wave quantum annealer', 'https://arxiv.org/abs/1906.06283', 'ae6bdf6f-2656-45bd-9b96-0820eea3cdab');


--
-- TOC entry 3310 (class 0 OID 16403)
-- Dependencies: 206
-- Data for Name: algorithm_publication; Type: TABLE DATA; Schema: public; Owner: planqk
--



--
-- TOC entry 3312 (class 0 OID 16409)
-- Dependencies: 208
-- Data for Name: algorithm_relation_type; Type: TABLE DATA; Schema: public; Owner: planqk
--



--
-- TOC entry 3311 (class 0 OID 16406)
-- Dependencies: 207
-- Data for Name: algorithm_relation; Type: TABLE DATA; Schema: public; Owner: planqk
--



--
-- TOC entry 3352 (class 0 OID 16570)
-- Dependencies: 248
-- Data for Name: revinfo; Type: TABLE DATA; Schema: public; Owner: planqk
--

INSERT INTO public.revinfo (rev, revtstmp) VALUES (1, 1698650562455);
INSERT INTO public.revinfo (rev, revtstmp) VALUES (2, 1698650562578);
INSERT INTO public.revinfo (rev, revtstmp) VALUES (3, 1698650570493);
INSERT INTO public.revinfo (rev, revtstmp) VALUES (4, 1698650570501);
INSERT INTO public.revinfo (rev, revtstmp) VALUES (5, 1698650570540);
INSERT INTO public.revinfo (rev, revtstmp) VALUES (6, 1698656605831);
INSERT INTO public.revinfo (rev, revtstmp) VALUES (7, 1698656617204);


--
-- TOC entry 3341 (class 0 OID 16531)
-- Dependencies: 237
-- Data for Name: knowledge_artifact_revisions; Type: TABLE DATA; Schema: public; Owner: planqk
--

INSERT INTO public.knowledge_artifact_revisions (id, rev, revtype, creation_date, last_modified_at) VALUES ('b3b616b6-6e4a-49b1-baf7-f08fa962a441', 1, 1, NULL, NULL);
INSERT INTO public.knowledge_artifact_revisions (id, rev, revtype, creation_date, last_modified_at) VALUES ('1066e01c-e3ac-4830-b610-eb613187850c', 1, 1, NULL, NULL);
INSERT INTO public.knowledge_artifact_revisions (id, rev, revtype, creation_date, last_modified_at) VALUES ('e07898e3-280f-4701-9d54-7d051af8d448', 2, 1, NULL, NULL);
INSERT INTO public.knowledge_artifact_revisions (id, rev, revtype, creation_date, last_modified_at) VALUES ('816a96fc-696d-419f-8bd4-98752cc72aac', 2, 1, NULL, NULL);
INSERT INTO public.knowledge_artifact_revisions (id, rev, revtype, creation_date, last_modified_at) VALUES ('c293bbf4-b8cf-4393-a403-a359a77b868c', 2, 1, NULL, NULL);
INSERT INTO public.knowledge_artifact_revisions (id, rev, revtype, creation_date, last_modified_at) VALUES ('170eff66-733f-4043-a56b-3189bf474d62', 2, 1, NULL, NULL);
INSERT INTO public.knowledge_artifact_revisions (id, rev, revtype, creation_date, last_modified_at) VALUES ('649859eb-7709-4beb-9738-d57f11d80455', 3, 1, NULL, NULL);
INSERT INTO public.knowledge_artifact_revisions (id, rev, revtype, creation_date, last_modified_at) VALUES ('10bc87a9-9317-41c8-8d19-fc6594d23383', 4, 1, NULL, NULL);
INSERT INTO public.knowledge_artifact_revisions (id, rev, revtype, creation_date, last_modified_at) VALUES ('e7a33256-0ab4-4baa-a805-0296b97960d6', 4, 1, NULL, NULL);
INSERT INTO public.knowledge_artifact_revisions (id, rev, revtype, creation_date, last_modified_at) VALUES ('7de45de7-aca2-4966-a5f9-8ef018688722', 5, 1, NULL, NULL);
INSERT INTO public.knowledge_artifact_revisions (id, rev, revtype, creation_date, last_modified_at) VALUES ('8179d686-afa1-4f03-8ec9-95899002488a', 5, 1, NULL, NULL);
INSERT INTO public.knowledge_artifact_revisions (id, rev, revtype, creation_date, last_modified_at) VALUES ('9829e814-a707-479f-80c7-8b49ffa543bc', 6, 0, NULL, NULL);
INSERT INTO public.knowledge_artifact_revisions (id, rev, revtype, creation_date, last_modified_at) VALUES ('52ae7837-58e1-47b2-bda3-4134597ef138', 7, 0, NULL, NULL);


--
-- TOC entry 3313 (class 0 OID 16415)
-- Dependencies: 209
-- Data for Name: algorithm_revisions; Type: TABLE DATA; Schema: public; Owner: planqk
--

INSERT INTO public.algorithm_revisions (id, rev, acronym, algo_parameter, assumptions, computation_model, input_format, intent, name, output_format, problem, solution) VALUES ('9829e814-a707-479f-80c7-8b49ffa543bc', 6, NULL, NULL, NULL, 1, NULL, NULL, 'Initialization', NULL, NULL, NULL);
INSERT INTO public.algorithm_revisions (id, rev, acronym, algo_parameter, assumptions, computation_model, input_format, intent, name, output_format, problem, solution) VALUES ('52ae7837-58e1-47b2-bda3-4134597ef138', 7, NULL, NULL, NULL, 1, NULL, NULL, 'Uniform Superposition', NULL, NULL, NULL);


--
-- TOC entry 3357 (class 0 OID 16591)
-- Dependencies: 253
-- Data for Name: tag; Type: TABLE DATA; Schema: public; Owner: planqk
--

INSERT INTO public.tag (value, category) VALUES ('Phase Estimation', 'Subroutine');
INSERT INTO public.tag (value, category) VALUES ('Reinforcement learning', 'Algorithm class');
INSERT INTO public.tag (value, category) VALUES ('Classification', 'Algorithm class');
INSERT INTO public.tag (value, category) VALUES ('Factorization', 'Algorithm class');


--
-- TOC entry 3314 (class 0 OID 16421)
-- Dependencies: 210
-- Data for Name: algorithm_tag; Type: TABLE DATA; Schema: public; Owner: planqk
--



--
-- TOC entry 3316 (class 0 OID 16427)
-- Dependencies: 212
-- Data for Name: classic_algorithm; Type: TABLE DATA; Schema: public; Owner: planqk
--



--
-- TOC entry 3317 (class 0 OID 16430)
-- Dependencies: 213
-- Data for Name: classic_algorithm_revisions; Type: TABLE DATA; Schema: public; Owner: planqk
--



--
-- TOC entry 3333 (class 0 OID 16498)
-- Dependencies: 229
-- Data for Name: implementation; Type: TABLE DATA; Schema: public; Owner: planqk
--



--
-- TOC entry 3318 (class 0 OID 16433)
-- Dependencies: 214
-- Data for Name: classic_implementation; Type: TABLE DATA; Schema: public; Owner: planqk
--



--
-- TOC entry 3337 (class 0 OID 16516)
-- Dependencies: 233
-- Data for Name: implementation_revisions; Type: TABLE DATA; Schema: public; Owner: planqk
--

INSERT INTO public.implementation_revisions (id, rev, assumptions, contributors, dependencies, description, input_format, license, name, output_format, parameter, problem_statement, technology, version, implemented_algorithm_id) VALUES ('b3b616b6-6e4a-49b1-baf7-f08fa962a441', 1, NULL, NULL, 'Python3', NULL, 'U: Float Array; Precision: Integer', NULL, 'forest-qpe', 'Eigenvalue: Integer Array', 'U: unitary matrix; precision: precision > 0', NULL, NULL, NULL, NULL);
INSERT INTO public.implementation_revisions (id, rev, assumptions, contributors, dependencies, description, input_format, license, name, output_format, parameter, problem_statement, technology, version, implemented_algorithm_id) VALUES ('1066e01c-e3ac-4830-b610-eb613187850c', 1, NULL, NULL, 'Python3', NULL, NULL, NULL, 'qiskit-qpe', NULL, NULL, NULL, NULL, NULL, NULL);
INSERT INTO public.implementation_revisions (id, rev, assumptions, contributors, dependencies, description, input_format, license, name, output_format, parameter, problem_statement, technology, version, implemented_algorithm_id) VALUES ('e07898e3-280f-4701-9d54-7d051af8d448', 2, NULL, NULL, 'Python3', NULL, 'N: Integer', NULL, 'forest-shor', 'Factors: Integer Array', 'N: N > 2', NULL, NULL, NULL, NULL);
INSERT INTO public.implementation_revisions (id, rev, assumptions, contributors, dependencies, description, input_format, license, name, output_format, parameter, problem_statement, technology, version, implemented_algorithm_id) VALUES ('816a96fc-696d-419f-8bd4-98752cc72aac', 2, NULL, NULL, NULL, NULL, NULL, NULL, 'shor-general-qiskit', NULL, NULL, NULL, NULL, NULL, NULL);
INSERT INTO public.implementation_revisions (id, rev, assumptions, contributors, dependencies, description, input_format, license, name, output_format, parameter, problem_statement, technology, version, implemented_algorithm_id) VALUES ('c293bbf4-b8cf-4393-a403-a359a77b868c', 2, NULL, NULL, NULL, NULL, NULL, NULL, 'shor-fix-15-qiskit', NULL, NULL, NULL, NULL, NULL, NULL);
INSERT INTO public.implementation_revisions (id, rev, assumptions, contributors, dependencies, description, input_format, license, name, output_format, parameter, problem_statement, technology, version, implemented_algorithm_id) VALUES ('170eff66-733f-4043-a56b-3189bf474d62', 2, NULL, NULL, 'Python3', NULL, 'N: Integer', NULL, 'qiskit-aqua-shor', 'Factors: Integer Array', 'N: N > 2', NULL, NULL, NULL, NULL);
INSERT INTO public.implementation_revisions (id, rev, assumptions, contributors, dependencies, description, input_format, license, name, output_format, parameter, problem_statement, technology, version, implemented_algorithm_id) VALUES ('649859eb-7709-4beb-9738-d57f11d80455', 3, NULL, NULL, NULL, NULL, NULL, NULL, 'simon-general-qiskit', NULL, NULL, NULL, NULL, NULL, NULL);
INSERT INTO public.implementation_revisions (id, rev, assumptions, contributors, dependencies, description, input_format, license, name, output_format, parameter, problem_statement, technology, version, implemented_algorithm_id) VALUES ('10bc87a9-9317-41c8-8d19-fc6594d23383', 4, NULL, NULL, NULL, NULL, NULL, NULL, 'grover-fix-truthtable-qiskit', NULL, NULL, NULL, NULL, NULL, NULL);
INSERT INTO public.implementation_revisions (id, rev, assumptions, contributors, dependencies, description, input_format, license, name, output_format, parameter, problem_statement, technology, version, implemented_algorithm_id) VALUES ('e7a33256-0ab4-4baa-a805-0296b97960d6', 4, NULL, NULL, NULL, NULL, NULL, NULL, 'grover-general-truthtable-qiskit', NULL, NULL, NULL, NULL, NULL, NULL);
INSERT INTO public.implementation_revisions (id, rev, assumptions, contributors, dependencies, description, input_format, license, name, output_format, parameter, problem_statement, technology, version, implemented_algorithm_id) VALUES ('7de45de7-aca2-4966-a5f9-8ef018688722', 5, NULL, NULL, NULL, NULL, NULL, NULL, 'grover-general-sat-qiskit', NULL, NULL, NULL, NULL, NULL, NULL);
INSERT INTO public.implementation_revisions (id, rev, assumptions, contributors, dependencies, description, input_format, license, name, output_format, parameter, problem_statement, technology, version, implemented_algorithm_id) VALUES ('8179d686-afa1-4f03-8ec9-95899002488a', 5, NULL, NULL, NULL, NULL, NULL, NULL, 'grover-fix-sat-qiskit', NULL, NULL, NULL, NULL, NULL, NULL);


--
-- TOC entry 3319 (class 0 OID 16436)
-- Dependencies: 215
-- Data for Name: classic_implementation_revisions; Type: TABLE DATA; Schema: public; Owner: planqk
--



--
-- TOC entry 3320 (class 0 OID 16439)
-- Dependencies: 216
-- Data for Name: cloud_service; Type: TABLE DATA; Schema: public; Owner: planqk
--

INSERT INTO public.cloud_service (id, cost_model, description, name, provider, url) VALUES ('7ac0786f-4d4d-4ab6-beb8-6d3c9d80857d', NULL, NULL, 'IBMQ', 'IBM', 'https://quantum-computing.ibm.com/');
INSERT INTO public.cloud_service (id, cost_model, description, name, provider, url) VALUES ('bac9b43d-6ced-41c6-ae85-ef065e280d8b', NULL, NULL, 'Rigetti', 'Rigetti', 'https://www.rigetti.com/');


--
-- TOC entry 3322 (class 0 OID 16448)
-- Dependencies: 218
-- Data for Name: compute_resource; Type: TABLE DATA; Schema: public; Owner: planqk
--

INSERT INTO public.compute_resource (dtype, id, name, quantum_computation_model, technology, vendor, qprov_origin) VALUES ('ComputeResource', 'faea0025-9096-4582-b2f9-93096358dbc2', 'ibmq_16_melbourne', 0, '', 'IBMQ', NULL);
INSERT INTO public.compute_resource (dtype, id, name, quantum_computation_model, technology, vendor, qprov_origin) VALUES ('ComputeResource', 'c0fc8141-4d19-4654-910b-109882b4b99b', 'ibmqx2', 0, NULL, 'IBMQ', NULL);
INSERT INTO public.compute_resource (dtype, id, name, quantum_computation_model, technology, vendor, qprov_origin) VALUES ('ComputeResource', '2e683cee-8363-4327-8765-3b5f957acc90', 'Rigetti 19Q', 0, 'Superconducting', 'Rigetti', NULL);
INSERT INTO public.compute_resource (dtype, id, name, quantum_computation_model, technology, vendor, qprov_origin) VALUES ('ComputeResource', '82df8861-b7de-464d-9dab-4adabbe78cd2', 'Rigetti 8Q', 0, 'Superconducting', 'Rigetti', NULL);


--
-- TOC entry 3321 (class 0 OID 16445)
-- Dependencies: 217
-- Data for Name: cloud_services_compute_resources; Type: TABLE DATA; Schema: public; Owner: planqk
--

INSERT INTO public.cloud_services_compute_resources (cloud_service_id, compute_resource_id) VALUES ('7ac0786f-4d4d-4ab6-beb8-6d3c9d80857d', 'faea0025-9096-4582-b2f9-93096358dbc2');
INSERT INTO public.cloud_services_compute_resources (cloud_service_id, compute_resource_id) VALUES ('bac9b43d-6ced-41c6-ae85-ef065e280d8b', '2e683cee-8363-4327-8765-3b5f957acc90');
INSERT INTO public.cloud_services_compute_resources (cloud_service_id, compute_resource_id) VALUES ('7ac0786f-4d4d-4ab6-beb8-6d3c9d80857d', 'c0fc8141-4d19-4654-910b-109882b4b99b');
INSERT INTO public.cloud_services_compute_resources (cloud_service_id, compute_resource_id) VALUES ('bac9b43d-6ced-41c6-ae85-ef065e280d8b', '82df8861-b7de-464d-9dab-4adabbe78cd2');


--
-- TOC entry 3324 (class 0 OID 16457)
-- Dependencies: 220
-- Data for Name: compute_resource_property_type; Type: TABLE DATA; Schema: public; Owner: planqk
--

INSERT INTO public.compute_resource_property_type (id, datatype, description, name) VALUES ('e658e9bb-ca15-4b3a-9dd2-833ccd144e50', 0, '', 'Number of Qubits');
INSERT INTO public.compute_resource_property_type (id, datatype, description, name) VALUES ('6fd6e29e-8fa4-4682-9ea6-f1b9a1cb2553', 2, '', 't1');
INSERT INTO public.compute_resource_property_type (id, datatype, description, name) VALUES ('ff58dc2e-b805-4d32-b2ac-a059464e5102', 0, '', 'Max gate time');


--
-- TOC entry 3323 (class 0 OID 16454)
-- Dependencies: 219
-- Data for Name: compute_resource_property; Type: TABLE DATA; Schema: public; Owner: planqk
--

INSERT INTO public.compute_resource_property (id, value, algorithm_id, compute_resource_id, compute_resource_property_type_id, implementation_id) VALUES ('92376664-12fc-4143-9ce3-0ce2a7372e05', '15', NULL, 'faea0025-9096-4582-b2f9-93096358dbc2', 'e658e9bb-ca15-4b3a-9dd2-833ccd144e50', NULL);
INSERT INTO public.compute_resource_property (id, value, algorithm_id, compute_resource_id, compute_resource_property_type_id, implementation_id) VALUES ('f052fab4-8fa7-4b20-a053-a655f362e5b7', '50063.8361', NULL, 'faea0025-9096-4582-b2f9-93096358dbc2', '6fd6e29e-8fa4-4682-9ea6-f1b9a1cb2553', NULL);
INSERT INTO public.compute_resource_property (id, value, algorithm_id, compute_resource_id, compute_resource_property_type_id, implementation_id) VALUES ('5d57ecb5-f071-472f-a0c3-213d99569f8e', '1043', NULL, 'faea0025-9096-4582-b2f9-93096358dbc2', 'ff58dc2e-b805-4d32-b2ac-a059464e5102', NULL);
INSERT INTO public.compute_resource_property (id, value, algorithm_id, compute_resource_id, compute_resource_property_type_id, implementation_id) VALUES ('29d3b8b6-9523-4610-9587-98a1019035e0', '5', NULL, 'c0fc8141-4d19-4654-910b-109882b4b99b', 'e658e9bb-ca15-4b3a-9dd2-833ccd144e50', NULL);
INSERT INTO public.compute_resource_property (id, value, algorithm_id, compute_resource_id, compute_resource_property_type_id, implementation_id) VALUES ('039b068c-cadd-4a95-a408-e3f058a540e2', '62104.6608', NULL, 'c0fc8141-4d19-4654-910b-109882b4b99b', '6fd6e29e-8fa4-4682-9ea6-f1b9a1cb2553', NULL);
INSERT INTO public.compute_resource_property (id, value, algorithm_id, compute_resource_id, compute_resource_property_type_id, implementation_id) VALUES ('428ac66a-c08d-441c-96a7-3c5976daa08d', '391', NULL, 'c0fc8141-4d19-4654-910b-109882b4b99b', 'ff58dc2e-b805-4d32-b2ac-a059464e5102', NULL);
INSERT INTO public.compute_resource_property (id, value, algorithm_id, compute_resource_id, compute_resource_property_type_id, implementation_id) VALUES ('79834b76-82d5-4962-b78a-012f374fe4b1', '20', NULL, '2e683cee-8363-4327-8765-3b5f957acc90', 'e658e9bb-ca15-4b3a-9dd2-833ccd144e50', NULL);
INSERT INTO public.compute_resource_property (id, value, algorithm_id, compute_resource_id, compute_resource_property_type_id, implementation_id) VALUES ('064f93f4-d50a-49ae-a7e4-ea36fc67a662', '20330', NULL, '2e683cee-8363-4327-8765-3b5f957acc90', '6fd6e29e-8fa4-4682-9ea6-f1b9a1cb2553', NULL);
INSERT INTO public.compute_resource_property (id, value, algorithm_id, compute_resource_id, compute_resource_property_type_id, implementation_id) VALUES ('51d3b698-0698-4058-bb9b-2de809a3a704', '214', NULL, '2e683cee-8363-4327-8765-3b5f957acc90', 'ff58dc2e-b805-4d32-b2ac-a059464e5102', NULL);
INSERT INTO public.compute_resource_property (id, value, algorithm_id, compute_resource_id, compute_resource_property_type_id, implementation_id) VALUES ('486fbc6f-20b2-4247-8742-b36cfd5b3c44', '8', NULL, '82df8861-b7de-464d-9dab-4adabbe78cd2', 'e658e9bb-ca15-4b3a-9dd2-833ccd144e50', NULL);
INSERT INTO public.compute_resource_property (id, value, algorithm_id, compute_resource_id, compute_resource_property_type_id, implementation_id) VALUES ('d772d10b-0614-480a-b2ec-b33a32d74e42', '13406.25', NULL, '82df8861-b7de-464d-9dab-4adabbe78cd2', '6fd6e29e-8fa4-4682-9ea6-f1b9a1cb2553', NULL);
INSERT INTO public.compute_resource_property (id, value, algorithm_id, compute_resource_id, compute_resource_property_type_id, implementation_id) VALUES ('dde0fa28-a69d-4e51-83c7-5e23d06aeb2a', '198', NULL, '82df8861-b7de-464d-9dab-4adabbe78cd2', 'ff58dc2e-b805-4d32-b2ac-a059464e5102', NULL);


--
-- TOC entry 3325 (class 0 OID 16463)
-- Dependencies: 221
-- Data for Name: concrete_solution; Type: TABLE DATA; Schema: public; Owner: planqk
--

INSERT INTO public.concrete_solution (id, name, concrete_solution_type, description, pattern, is_start_pattern, is_end_pattern, qubit_count, input_parameter_format, has_header, has_measurment) VALUES ('88507c9e-a398-4195-8398-5c11a8b50e3b', NULL, 0, NULL, '3d1f3991-df47-4d42-8f9a-e6dcf4e3ccec', true, true, 3, NULL, true, true);
INSERT INTO public.concrete_solution (id, name, concrete_solution_type, description, pattern, is_start_pattern, is_end_pattern, qubit_count, input_parameter_format, has_header, has_measurment) VALUES ('3636eb56-7f9e-42af-aca8-5c90a7174f11', NULL, 0, NULL, '2229a430-fe92-4411-9d72-d10dd1d8da14', true, false, 3, NULL, true, true);
INSERT INTO public.concrete_solution (id, name, concrete_solution_type, description, pattern, is_start_pattern, is_end_pattern, qubit_count, input_parameter_format, has_header, has_measurment) VALUES ('2f13e077-701a-43c0-89ee-3138a9ebccc5', NULL, 0, NULL, '2229a430-fe92-4411-9d72-d10dd1d8da14', true, false, 2, NULL, true, true);
INSERT INTO public.concrete_solution (id, name, concrete_solution_type, description, pattern, is_start_pattern, is_end_pattern, qubit_count, input_parameter_format, has_header, has_measurment) VALUES ('8de36b35-0eb8-471e-b7d8-7d1d24750715', NULL, 0, NULL, '1cc7e9d6-ab37-412e-8afa-604a25de296e', false, true, 2, NULL, true, true);


--
-- TOC entry 3329 (class 0 OID 16481)
-- Dependencies: 225
-- Data for Name: file; Type: TABLE DATA; Schema: public; Owner: planqk
--

INSERT INTO public.file (fileurl, mime_type, name, id) VALUES ('/opt/tomcat/temp/qc-atlas/[ENTANGLE]GHZ_3Q_QASM2.qasm', 'application/octet-stream', '[ENTANGLE]GHZ_3Q_QASM2.qasm', '4ab39621-ef37-4586-89d1-bc70fe40ba4f');
INSERT INTO public.file (fileurl, mime_type, name, id) VALUES ('/opt/tomcat/temp/qc-atlas/[UNIFORMSUPER]IMPL_3Q_QASM2.qasm', 'application/octet-stream', '[UNIFORMSUPER]IMPL_3Q_QASM2.qasm', 'f6216359-3796-44ae-ab87-f24e6763b262');
INSERT INTO public.file (fileurl, mime_type, name, id) VALUES ('/opt/tomcat/temp/qc-atlas/[UNIFORMSUPER]IMPL_2Q_QASM2.qasm', 'application/octet-stream', '[UNIFORMSUPER]IMPL_2Q_QASM2.qasm', '42478c19-ff9e-4906-89a3-a43ea3026062');
INSERT INTO public.file (fileurl, mime_type, name, id) VALUES ('/opt/tomcat/temp/qc-atlas/[ORACLE]DEUTSCH_CNOT_2Q_QASM2.qasm', 'application/octet-stream', '[ORACLE]DEUTSCH_CNOT_2Q_QASM2.qasm', '3719ea28-fe32-4f7c-9177-8a2cb726185c');


--
-- TOC entry 3326 (class 0 OID 16469)
-- Dependencies: 222
-- Data for Name: concrete_solution_file; Type: TABLE DATA; Schema: public; Owner: planqk
--

INSERT INTO public.concrete_solution_file (file_id, concrete_solution_id, qasm_file_id) VALUES ('4ab39621-ef37-4586-89d1-bc70fe40ba4f', '88507c9e-a398-4195-8398-5c11a8b50e3b', NULL);
INSERT INTO public.concrete_solution_file (file_id, concrete_solution_id, qasm_file_id) VALUES ('f6216359-3796-44ae-ab87-f24e6763b262', '3636eb56-7f9e-42af-aca8-5c90a7174f11', NULL);
INSERT INTO public.concrete_solution_file (file_id, concrete_solution_id, qasm_file_id) VALUES ('42478c19-ff9e-4906-89a3-a43ea3026062', '2f13e077-701a-43c0-89ee-3138a9ebccc5', NULL);
INSERT INTO public.concrete_solution_file (file_id, concrete_solution_id, qasm_file_id) VALUES ('3719ea28-fe32-4f7c-9177-8a2cb726185c', '8de36b35-0eb8-471e-b7d8-7d1d24750715', NULL);


--
-- TOC entry 3328 (class 0 OID 16475)
-- Dependencies: 224
-- Data for Name: discussion_topic; Type: TABLE DATA; Schema: public; Owner: planqk
--



--
-- TOC entry 3327 (class 0 OID 16472)
-- Dependencies: 223
-- Data for Name: discussion_comment; Type: TABLE DATA; Schema: public; Owner: planqk
--



--
-- TOC entry 3330 (class 0 OID 16487)
-- Dependencies: 226
-- Data for Name: file_concrete_solution; Type: TABLE DATA; Schema: public; Owner: planqk
--



--
-- TOC entry 3353 (class 0 OID 16573)
-- Dependencies: 249
-- Data for Name: sketch; Type: TABLE DATA; Schema: public; Owner: planqk
--



--
-- TOC entry 3332 (class 0 OID 16492)
-- Dependencies: 228
-- Data for Name: image; Type: TABLE DATA; Schema: public; Owner: planqk
--



--
-- TOC entry 3334 (class 0 OID 16504)
-- Dependencies: 230
-- Data for Name: implementation_package; Type: TABLE DATA; Schema: public; Owner: planqk
--



--
-- TOC entry 3335 (class 0 OID 16510)
-- Dependencies: 231
-- Data for Name: implementation_package_file; Type: TABLE DATA; Schema: public; Owner: planqk
--



--
-- TOC entry 3336 (class 0 OID 16513)
-- Dependencies: 232
-- Data for Name: implementation_publication; Type: TABLE DATA; Schema: public; Owner: planqk
--



--
-- TOC entry 3354 (class 0 OID 16579)
-- Dependencies: 250
-- Data for Name: software_platform; Type: TABLE DATA; Schema: public; Owner: planqk
--

INSERT INTO public.software_platform (id, licence, link, name, version) VALUES ('7c2c4b2e-5b4e-421c-a487-54fd897bfe41', 'Apache-2.0 License', 'https://pyquil-docs.rigetti.com/en/stable/', 'Forest', NULL);
INSERT INTO public.software_platform (id, licence, link, name, version) VALUES ('41299c3c-297a-4d61-be24-cc957186306e', 'Apache-2.0 License', 'https://github.com/Qiskit/qiskit', 'Qiskit', '0.21.0');


--
-- TOC entry 3338 (class 0 OID 16522)
-- Dependencies: 234
-- Data for Name: implementation_software_platforms; Type: TABLE DATA; Schema: public; Owner: planqk
--



--
-- TOC entry 3339 (class 0 OID 16525)
-- Dependencies: 235
-- Data for Name: implementation_tag; Type: TABLE DATA; Schema: public; Owner: planqk
--



--
-- TOC entry 3344 (class 0 OID 16543)
-- Dependencies: 240
-- Data for Name: pattern_relation_type; Type: TABLE DATA; Schema: public; Owner: planqk
--



--
-- TOC entry 3343 (class 0 OID 16537)
-- Dependencies: 239
-- Data for Name: pattern_relation; Type: TABLE DATA; Schema: public; Owner: planqk
--



--
-- TOC entry 3347 (class 0 OID 16555)
-- Dependencies: 243
-- Data for Name: publication_authors; Type: TABLE DATA; Schema: public; Owner: planqk
--

INSERT INTO public.publication_authors (publication_id, authors) VALUES ('f05c9136-2f9f-433f-9c35-85009111ee3c', 'Peter W. Shor');
INSERT INTO public.publication_authors (publication_id, authors) VALUES ('87d697a4-6256-4f84-b545-c2024ab380c2', 'Daoyl Dong');
INSERT INTO public.publication_authors (publication_id, authors) VALUES ('87d697a4-6256-4f84-b545-c2024ab380c2', 'Chunlin Chen');
INSERT INTO public.publication_authors (publication_id, authors) VALUES ('87d697a4-6256-4f84-b545-c2024ab380c2', 'Hanxiong Li');
INSERT INTO public.publication_authors (publication_id, authors) VALUES ('87d697a4-6256-4f84-b545-c2024ab380c2', 'Tzyh-Jong Tarn');
INSERT INTO public.publication_authors (publication_id, authors) VALUES ('3aac6a37-10de-4a95-a2bd-381d357df2a4', 'Vojtech Havlicek');
INSERT INTO public.publication_authors (publication_id, authors) VALUES ('3aac6a37-10de-4a95-a2bd-381d357df2a4', 'Antionio D. Crcoles');
INSERT INTO public.publication_authors (publication_id, authors) VALUES ('3aac6a37-10de-4a95-a2bd-381d357df2a4', 'Kristian Temme');
INSERT INTO public.publication_authors (publication_id, authors) VALUES ('3aac6a37-10de-4a95-a2bd-381d357df2a4', 'Aram W. Harrow');
INSERT INTO public.publication_authors (publication_id, authors) VALUES ('3aac6a37-10de-4a95-a2bd-381d357df2a4', 'Abhinav Kandala');
INSERT INTO public.publication_authors (publication_id, authors) VALUES ('3aac6a37-10de-4a95-a2bd-381d357df2a4', 'Jerry M. Chow');
INSERT INTO public.publication_authors (publication_id, authors) VALUES ('3aac6a37-10de-4a95-a2bd-381d357df2a4', 'Jay M. Gambetta');
INSERT INTO public.publication_authors (publication_id, authors) VALUES ('ae6bdf6f-2656-45bd-9b96-0820eea3cdab', 'Dennis Willsch');
INSERT INTO public.publication_authors (publication_id, authors) VALUES ('ae6bdf6f-2656-45bd-9b96-0820eea3cdab', 'Madita Willsch');
INSERT INTO public.publication_authors (publication_id, authors) VALUES ('ae6bdf6f-2656-45bd-9b96-0820eea3cdab', 'Hans De Raedt');
INSERT INTO public.publication_authors (publication_id, authors) VALUES ('ae6bdf6f-2656-45bd-9b96-0820eea3cdab', 'Kristel Michielsen');


--
-- TOC entry 3348 (class 0 OID 16558)
-- Dependencies: 244
-- Data for Name: quantum_algorithm; Type: TABLE DATA; Schema: public; Owner: planqk
--

INSERT INTO public.quantum_algorithm (nisq_ready, quantum_computation_model, speed_up, id) VALUES (false, 0, NULL, '9829e814-a707-479f-80c7-8b49ffa543bc');
INSERT INTO public.quantum_algorithm (nisq_ready, quantum_computation_model, speed_up, id) VALUES (false, 0, NULL, '52ae7837-58e1-47b2-bda3-4134597ef138');


--
-- TOC entry 3349 (class 0 OID 16561)
-- Dependencies: 245
-- Data for Name: quantum_algorithm_revisions; Type: TABLE DATA; Schema: public; Owner: planqk
--

INSERT INTO public.quantum_algorithm_revisions (id, rev, nisq_ready, quantum_computation_model, speed_up) VALUES ('9829e814-a707-479f-80c7-8b49ffa543bc', 6, false, 0, NULL);
INSERT INTO public.quantum_algorithm_revisions (id, rev, nisq_ready, quantum_computation_model, speed_up) VALUES ('52ae7837-58e1-47b2-bda3-4134597ef138', 7, false, 0, NULL);


--
-- TOC entry 3350 (class 0 OID 16564)
-- Dependencies: 246
-- Data for Name: quantum_implementation; Type: TABLE DATA; Schema: public; Owner: planqk
--



--
-- TOC entry 3351 (class 0 OID 16567)
-- Dependencies: 247
-- Data for Name: quantum_implementation_revisions; Type: TABLE DATA; Schema: public; Owner: planqk
--



--
-- TOC entry 3355 (class 0 OID 16585)
-- Dependencies: 251
-- Data for Name: software_platform_cloud_services; Type: TABLE DATA; Schema: public; Owner: planqk
--



--
-- TOC entry 3356 (class 0 OID 16588)
-- Dependencies: 252
-- Data for Name: software_platforms_compute_resources; Type: TABLE DATA; Schema: public; Owner: planqk
--



--
-- TOC entry 3358 (class 0 OID 16597)
-- Dependencies: 254
-- Data for Name: tosca_application; Type: TABLE DATA; Schema: public; Owner: planqk
--



--
-- TOC entry 3359 (class 0 OID 16603)
-- Dependencies: 255
-- Data for Name: tosca_application_revisions; Type: TABLE DATA; Schema: public; Owner: planqk
--



--
-- TOC entry 3365 (class 0 OID 0)
-- Dependencies: 227
-- Name: hibernate_sequence; Type: SEQUENCE SET; Schema: public; Owner: planqk
--

SELECT pg_catalog.setval('public.hibernate_sequence', 7, true);


-- Completed on 2023-12-20 09:41:30 CET

--
-- PostgreSQL database dump complete
--

